Price,Close,High,Low,Open,Volume
Ticker,WEGE3.SA,WEGE3.SA,WEGE3.SA,WEGE3.SA,WEGE3.SA
Date,,,,,
2023-01-02,34.76214599609375,35.127104316255036,34.43368768454918,35.127104316255036,3017700
2023-01-03,33.89537048339844,35.00848656326044,33.658146570288565,34.771266130650474,5662900
2023-01-04,34.12348175048828,34.388072936962494,33.448309752085564,34.05961455232196,6169800
2023-01-05,34.196468353271484,34.57967498927369,33.99574090200838,34.29683207890304,6660600
2023-01-06,34.69828414916992,34.91725987104799,34.03223807085478,34.205594865821055,4071700
2023-01-09,34.59791946411133,34.944629563947096,33.95924754402034,34.670912529550826,5730600
2023-01-10,34.260337829589844,34.58879968791474,33.83151571944452,34.232967168229834,6556000
2023-01-11,35.21834945678711,35.309590795991944,33.941002032430255,34.20559669537247,5982900
2023-01-12,35.13623809814453,35.57418961650897,34.85339861480695,35.16361224335582,5376000
2023-01-13,35.555931091308594,35.911763551909736,34.5979163367663,34.8442626896057,4957200
2023-01-16,34.3880729675293,35.674546286810674,34.00486977819075,35.674546286810674,7545600
2023-01-17,34.95375442504883,35.19097491985498,34.43369103060769,34.62529260108583,4932900
2023-01-18,34.66178894042969,35.39170216713046,34.488432156243945,35.20922299033006,5833500
2023-01-19,34.58879089355469,34.86250787906456,34.269454990543224,34.41543761484851,5522400
2023-01-20,34.05960464477539,34.588790344291056,33.95011506790987,34.570542081480134,6967000
2023-01-23,34.096107482910156,34.77127947883468,33.90450588911447,34.05048855303041,4331400
2023-01-24,33.95012283325195,34.43369320709675,33.54867140108931,34.43369320709675,7500200
2023-01-25,35.32784652709961,35.88440663207229,33.85889372033614,33.89539026372824,12935100
2023-01-26,34.862510681152344,35.54680494017758,33.72202024944361,35.37345164753807,11767800
2023-01-27,34.58879089355469,35.19096965387652,33.91361908083006,34.77127004406137,14610700
2023-01-30,34.07786178588867,34.69828902446536,33.84064124431595,34.670918360572756,8055300
2023-01-31,34.889888763427734,35.34608498769561,33.959248048261145,34.01398936765266,9636200
2023-02-01,35.0267448425293,35.35520667431925,34.41544358486537,34.844265660368116,6318500
2023-02-02,34.707401275634766,35.565048719129365,34.406310168998274,34.789516715581065,7112600
2023-02-03,34.58879089355469,35.21834030827741,34.40631174304801,34.52492371295239,8093400
2023-02-06,34.27857971191406,34.698279350258105,33.95924378719589,34.52492605976831,6881500
2023-02-07,34.369815826416016,34.570543243583415,33.968364472581584,34.21471080805966,8673800
2023-02-08,34.36070251464844,34.96288144477393,34.05961478983633,34.351580120775886,4938900
2023-02-09,34.65267562866211,35.136242664047074,34.30596541511146,34.43370332152638,6409800
2023-02-10,35.21834945678711,35.36433211901364,34.21471908904235,34.5705516106882,7127800
2023-02-13,35.20008850097656,35.747522362747745,34.99936112742731,35.145343722599605,5129800
2023-02-14,34.99937057495117,35.90263703874601,34.82601380354569,35.24571692339537,6066600
2023-02-15,35.47382736206055,35.89352714758012,35.12711717900005,35.47382736206055,10995900
2023-02-16,35.38257598876953,35.546806898422986,34.48843185871227,35.32783467255223,7342600
2023-02-17,36.14899444580078,36.267606460337305,35.05412261127518,35.17273462581171,8000500
2023-02-22,35.23713684082031,36.40252860438455,35.20043065128422,36.24653254959851,8043500
2023-02-23,36.007957458496094,36.283246941258405,35.099498314835195,35.31973200134246,9948300
2023-02-24,35.65925216674805,36.04465670562507,35.19125694040268,35.833601339026416,5112700
2023-02-27,35.60419464111328,36.11807088559783,35.30137727419054,35.71430972904014,4714600
2023-02-28,35.93453598022461,36.09971032823263,35.57665939303883,35.59501248731693,7461500
2023-03-01,36.136417388916016,36.59523425545712,35.50324787277256,35.93453684747956,7934900
2023-03-02,35.93453598022461,36.48511480658814,35.77853992960304,36.127238219402365,4163300
2023-03-03,35.64089584350586,36.44841454298195,35.53078077100754,36.11806582499196,5339900
2023-03-06,36.18230056762695,36.32912183379568,35.51242832195117,35.778542960786716,5594500
2023-03-07,36.32912063598633,36.494294992542066,35.91618474459698,36.06300600592486,4956200
2023-03-08,36.8521728515625,36.99899411788366,36.173122307017685,36.33829666919088,7378100
2023-03-09,36.57687759399414,36.98063513700031,36.57687759399414,36.70534574401908,5384100
2023-03-10,36.28325271606445,36.69618875617826,36.08137209634298,36.5401891408036,4632900
2023-03-13,36.51264572143555,36.971462570911754,35.84277354125965,35.980416495805656,7427900
2023-03-14,36.94394302368164,37.026530223084265,36.430070227839444,36.430070227839444,4704200
2023-03-15,36.769588470458984,37.136643414460465,36.38418392970327,36.75123537320937,6236000
2023-03-16,36.98064422607422,37.063231414316256,36.54935868791726,36.80629505111676,6583700
2023-03-17,36.586055755615234,36.91640445777797,36.44841279671068,36.80628939055535,9680200
2023-03-20,36.4787712097168,37.066841508474525,36.36850890499359,36.84631339385264,5827400
2023-03-21,36.71767044067383,37.011705565920806,36.570652878050346,36.60740814500001,5241100
2023-03-22,36.31336975097656,36.98413753913998,36.18472983340753,36.72685770400192,4920900
2023-03-23,36.653350830078125,37.08521645796949,36.322560434686885,36.386880399882386,6499000
2023-03-24,37.22304916381836,37.31493734617855,36.57984941317577,36.75443170189651,6714600
2023-03-27,37.84786605834961,37.95813185176301,37.25979584751127,37.47113336045786,7311600
2023-03-28,38.01327896118164,38.472709465685284,37.79275428191878,37.82950605834487,6873300
2023-03-29,38.34405517578125,38.72997847823489,37.921380110616774,38.114340009255955,7454100
2023-03-30,38.46350860595703,38.61971323899299,37.728420763368035,38.399188638803956,5155400
2023-03-31,37.259803771972656,38.932130104157224,37.167919096427624,38.5186420538532,10945300
2023-04-03,36.3776969909668,37.4803305846746,36.11122653399543,37.4803305846746,8938800
2023-04-04,36.41444396972656,36.69928849215698,36.065275985109686,36.62578147207566,6442000
2023-04-05,35.60585021972656,36.69010606812193,35.33937978974333,36.4879556032829,7128200
2023-04-06,35.47720718383789,36.00095742854992,35.41288722432412,35.59666003943841,3998900
2023-04-10,35.27506637573242,35.61504389823023,35.07291587335087,35.385328692860604,4469500
2023-04-11,35.91826248168945,36.138790577099186,35.50477449353068,35.5139650628093,7179900
2023-04-12,36.51552963256836,37.14954232093912,36.000966324138325,36.07447336524217,9407100
2023-04-13,36.1755485534668,36.80956474595612,35.95502392534719,36.56147191043975,6615400
2023-04-14,35.61503601074219,35.853941734315804,35.20155153678993,35.77124413849033,6485300
2023-04-17,36.276615142822266,36.29499277497489,35.670167302485375,35.688544934638,3679400
2023-04-18,36.08366012573242,36.497148141952124,35.697736808868896,36.30418473093266,5687600
2023-04-19,35.93665313720703,36.30419542250699,35.76206730940135,35.90908842973305,4241900
2023-04-20,36.98414993286133,37.11278989353877,35.74368916327055,36.138799616880426,9536000
2023-04-24,37.076026916503906,37.4527596538834,36.708484748793,37.076026916503906,8144200
2023-04-25,37.250606536865234,37.829486144077826,37.03926903666742,37.397624080706095,9244600
2023-04-26,36.85549545288086,38.03163577878986,36.46038515492556,37.73760069731261,9771600
2023-04-27,37.076026916503906,37.16791508731312,36.45120137570252,36.919822283891214,5337900
2023-04-28,37.78355407714844,37.78355407714844,36.85550623690668,36.85550623690668,7415000
2023-05-02,37.507896423339844,38.197042002169226,37.085221309566656,37.3792564761198,5799900
2023-05-03,36.66254425048828,37.66410257878492,36.63497604527841,37.360876857704746,5451100
2023-05-04,36.11122512817383,36.938201167554126,35.991772254668795,36.75442832489457,5340400
2023-05-05,36.037715911865234,36.32256047082145,35.651792615133125,35.982583010853446,7852800
2023-05-08,36.01933670043945,36.34093651264982,35.670168686343146,36.23067422063127,4669200
2023-05-09,36.62578201293945,36.68091140252086,36.0101436229401,36.05608945449103,3642300
2023-05-10,36.157169342041016,36.77280787117591,36.14798227675943,36.570657383224805,4335000
2023-05-11,36.129608154296875,36.29500338685357,35.71612007290512,36.000968196791874,6709000
2023-05-12,35.75286865234375,36.414449458673104,35.6517934174684,35.92745091838053,5474100
2023-05-15,36.423641204833984,36.543094089147374,35.80800615717219,35.835570859253835,5580100
2023-05-16,36.4787712097168,36.81874869396571,36.21230076022487,36.28581130015732,4265800
2023-05-17,36.25823974609375,36.80955822913805,36.17554214889586,36.65335009879753,3886400
2023-05-18,36.11122512817383,36.368508509967384,35.9090781559062,36.24905563646235,5386900
2023-05-19,36.87388610839844,37.19548599699422,35.918270003462546,36.26743810049218,11502300
2023-05-22,37.0852165222168,37.56302448247911,36.616595626208955,36.662541463006946,6401900
2023-05-23,36.956581115722656,37.55383851028368,36.7728082615594,37.030088154282566,5552000
2023-05-24,36.589027404785156,37.0576482556653,36.52470744567218,36.84630724123707,3074900
2023-05-25,35.87232971191406,37.011715243883096,35.697743900839384,36.99333760560281,7746200
2023-05-26,36.30418395996094,36.41444976539481,35.88150888799042,36.18473459517057,6524500
2023-05-29,35.72530746459961,36.331755428273226,35.58747694801102,36.30418722185012,3442100
2023-05-30,35.2291259765625,36.07447629641099,35.12805071980321,36.00096924933445,6349200
2023-05-31,34.55834197998047,35.22910968581477,34.55834197998047,35.10965684623007,12497500
2023-06-01,34.17243194580078,34.91671045687643,34.17243194580078,34.76050580310636,10739000
2023-06-02,34.61348342895508,34.82482449003291,33.93352842390905,34.25512829046114,9999400
2023-06-05,34.57673263549805,35.026972461344876,34.4021468414476,34.71455965139624,4888100
2023-06-06,35.10047912597656,35.21993199735348,34.760501651477284,34.80644398502983,6913000
2023-06-07,35.05453872680664,35.33019624850864,34.85238824180991,35.27506334209802,7235000
2023-06-09,34.73292922973633,35.65178980991546,34.66860926953779,35.155604255376744,8603000
2023-06-12,34.686988830566406,34.93508162163121,34.55834890301617,34.88913929110257,7812500
2023-06-13,34.3194465637207,34.85238746495082,34.20918425853276,34.824822764947704,10187500
2023-06-14,34.79724884033203,34.79724884033203,34.37457381893817,34.52159137008277,11544100
2023-06-15,34.76969528198242,34.90752581384317,34.51241536136346,34.834015262137164,6148900
2023-06-16,34.778873443603516,35.19236142814061,34.64104645220791,34.6502335162309,10825900
2023-06-19,34.61348342895508,35.091291448672216,34.5215987542761,34.79725628348869,3436700
2023-06-20,33.951904296875,34.60429456667609,33.8875843269045,34.60429456667609,6858200
2023-06-21,33.49247741699219,34.117303051778016,33.37302452956011,34.025414867147255,11890100
2023-06-22,33.446533203125,33.593550785120414,33.17087216985491,33.31788975185032,4656400
2023-06-23,33.63030242919922,33.63030242919922,33.20762732064946,33.52923068990086,5203600
2023-06-26,33.49988555908203,33.74837062130464,32.966094511008144,33.729967181024165,6546100
2023-06-27,33.5919189453125,33.7299693315864,33.10414699914112,33.56431027236459,6131000
2023-06-28,33.665550231933594,33.849612751623376,33.38944943086388,33.72076758353352,6256700
2023-06-29,33.90483474731445,34.05208687444893,33.52750095210938,33.803598251640565,9004800
2023-06-30,34.74232864379883,35.00922419649429,33.83120377833642,34.12571151595137,8007900
2023-07-03,34.687110900878906,34.926397800918764,34.36499797094175,34.85276998220877,4338100
2023-07-04,34.2269401550293,34.77913814348305,34.2269401550293,34.696308620753335,2692200
2023-07-05,34.512245178222656,34.71471814004704,34.125709717394784,34.19013229419943,4665600
2023-07-06,33.95083999633789,34.585867452907586,33.739165347736844,34.512239656472495,5783000
2023-07-07,34.05208206176758,34.68710611201627,33.8220004262151,33.88642300330842,4221200
2023-07-10,33.39864730834961,34.06127995699822,33.325019508073794,34.0152643372092,4546100
2023-07-11,33.08572769165039,33.453856066297945,32.68998714359903,33.398638741022026,6933800
2023-07-12,33.186981201171875,33.33423332890443,32.9753064869793,33.14096205875673,4844700
2023-07-13,33.186981201171875,33.65634626120451,33.11335338192177,33.14096205875673,3046100
2023-07-14,33.13175582885742,33.46307394886875,33.00291067346795,33.24219403193881,4424000
2023-07-17,32.48753356933594,33.10415431736863,32.257451881860796,33.08574736107847,12067700
2023-07-18,33.076541900634766,33.54591050589409,32.515145536091836,32.53354898148781,10489700
2023-07-19,34.88957977294922,35.055238834723504,32.883267589920386,34.05208274320909,42083100
2023-07-20,35.119659423828125,35.322132379142985,34.364991967721664,35.018422946170695,22364800
2023-07-21,35.791500091552734,36.03078696809544,34.89878218657783,35.147270784171894,14512500
2023-07-24,38.373634338378906,38.502962341931195,36.11961990872885,36.138095841225436,28879300
2023-07-25,37.41291046142578,38.872477548688444,37.39443452721591,38.50296591233928,9924300
2023-07-26,37.394439697265625,37.745475447938134,36.960263993116065,37.34825161731718,7944300
2023-07-27,37.27434158325195,37.91174896037366,37.01568556002809,37.3944333900019,8479800
2023-07-28,37.24663162231445,38.272023094220046,37.126539808543505,37.78242315765851,5882900
2023-07-31,36.87712860107422,37.21892818760503,36.77551622218876,37.21892818760503,7141800
2023-08-01,36.82169723510742,37.08035328426944,36.5815135975218,36.87712151768535,5088200
2023-08-02,36.9787483215332,37.01570020344736,36.39677203904955,36.67390410555492,4455200
2023-08-03,37.348243713378906,37.62537565834529,36.91406810111311,36.99720803699542,5008000
2023-08-04,37.736228942871094,38.29049637451959,37.246629040250305,37.34824491224873,6023600
2023-08-07,37.81013488769531,37.9487026346915,37.329771161745825,37.412911105158706,4166400
2023-08-08,37.560707092285156,37.8101268696315,37.3112873149388,37.54223116167541,6978200
2023-08-09,37.671573638916016,37.93946944989352,37.29282572557447,37.40368135186331,4456500
2023-08-10,37.17273712158203,38.02260910617594,36.83093756245534,37.67157334022748,6334900
2023-08-11,36.76626968383789,37.25587316819618,36.489137697251245,37.20044536130909,6228100
2023-08-14,36.31361389160156,36.90482961062071,36.045718167694865,36.84016561159822,6590800
2023-08-15,36.3505744934082,36.747798349357275,36.175058368842855,36.23048618266999,3892600
2023-08-16,34.74319839477539,36.322853712046665,34.58615472156753,36.322853712046665,12275400
2023-08-17,34.096561431884766,35.09424089358452,33.73628946757919,35.09424089358452,8420400
2023-08-18,33.49610900878906,33.939524494522395,33.163552680376604,33.939524494522395,10409500
2023-08-21,33.292877197265625,33.643909427342294,33.11735755830264,33.48686924924346,4868400
2023-08-22,33.69009780883789,33.76399802560193,33.12659411982434,33.292874012448806,7395500
2023-08-23,33.671627044677734,33.88409504589935,33.209739166215556,33.72705133478129,6666600
2023-08-24,33.23744201660156,33.67161762859717,32.923358206122074,33.67161762859717,7784400
2023-08-25,33.58848190307617,33.902565752926,33.11735436633926,33.237446182908876,6243500
2023-08-28,33.82865905761719,33.884086858252196,33.39448695304366,33.73628291381618,4461100
2023-08-29,33.70855712890625,34.14272905770984,33.56998944537841,33.957973320980244,3816100
2023-08-30,33.53305435180664,33.91180221562109,33.3575382523546,33.85637793364904,4406700
2023-08-31,33.14506530761719,33.67161705086838,33.061925373213114,33.449909384482915,7545200
2023-09-01,33.209720611572266,33.4499006236544,32.85868503336957,33.034201060509474,10375300
2023-09-04,33.37601089477539,33.37601089477539,32.86793505792049,33.348295232599455,3994000
2023-09-05,33.17277908325195,33.570002842370265,33.01573893491047,33.25591902176332,4331200
2023-09-06,32.84022521972656,33.54229672062445,32.84022521972656,33.200497176589465,4726300
2023-09-08,32.70166015625,32.9141281376654,32.43376436597316,32.84022439251681,4376200
2023-09-11,32.59080505371094,32.96031673744593,32.15663287783559,32.858700848222576,6954500
2023-09-12,32.93259811401367,32.93259811401367,32.40604635885793,32.590798640445016,8096700
2023-09-13,34.115028381347656,34.84481184822536,33.12658891058368,33.218965047993414,14268900
2023-09-14,33.3298225402832,34.38292607201057,33.3298225402832,34.225882400759254,6123300
2023-09-15,33.34829330444336,33.717804904749855,33.209729097271264,33.34829330444336,9770200
2023-09-18,33.06193161010742,33.51457970864431,32.89565170993178,33.468391630578736,4523900
2023-09-19,33.23744201660156,33.55152582708104,32.9325979345054,33.08040187332375,4680200
2023-09-20,33.06193161010742,33.588483452688806,33.06193161010742,33.292875524359765,3614500
2023-09-21,32.31367111206055,32.90488695138748,32.18434308769832,32.812510797964286,8498600
2023-09-22,31.95339584350586,32.4799476156669,31.95339584350586,32.40604740543019,4730200
2023-09-25,33.433837890625,33.683689849340595,32.38816195896999,32.573237876170005,12727400
2023-09-26,33.38756561279297,33.51711767960065,32.4899498212982,32.563978060890136,9274100
2023-09-27,33.33205032348633,33.97981435347672,33.0914505406182,33.480110370624416,10447500
2023-09-28,33.674434661865234,33.84100263706234,33.13771837625311,33.40607475404439,5738900
2023-09-29,33.56338882446289,33.97055300433822,33.45234468995678,33.887269020951294,5247900
2023-10-02,33.45234298706055,33.813239053355986,33.304282971912954,33.56338711591394,5406700
2023-10-03,32.54547882080078,33.43384264364652,32.42518245804428,33.3320506982141,7549900
2023-10-04,32.53622055053711,32.89711663163053,32.434428624068836,32.665772627849684,5224100
2023-10-05,32.36965560913086,32.86010381335067,32.27711941098626,32.6657756792292,4103700
2023-10-06,32.203086853027344,32.526970598794,31.703382923007656,32.203086853027344,6279600
2023-10-09,32.249351501464844,32.41591946032129,31.962487206790353,32.09203927922776,3984400
2023-10-10,32.66577911376953,32.767571060448994,32.286375013437926,32.37891475134201,4115100
2023-10-11,32.54547882080078,32.906378499160304,32.30488256525778,32.50846645612263,5169500
2023-10-13,31.96248435974121,32.52696422224838,31.96248435974121,32.39740863132187,5443600
2023-10-16,32.064273834228516,32.46218572244764,32.05501809913767,32.29561779109877,3835500
2023-10-17,31.721885681152344,32.267857619854944,31.721885681152344,32.04576937395875,5700600
2023-10-18,31.73115348815918,32.31413800293276,31.56458547535805,31.684885380165614,8699900
2023-10-19,31.40726089477539,31.823680810401587,30.870544637991145,31.749652564306587,8305700
2023-10-20,31.286962509155273,31.768158432431626,31.19442279504685,31.34248280759118,4624100
2023-10-23,31.370241165161133,31.61083732096978,30.907553263197272,31.018597371260604,6072400
2023-10-24,32.39741134643555,32.48069532542501,31.666367008671557,31.962487038405396,9893700
2023-10-25,29.121585845947266,31.185175933892296,29.121585845947266,31.018607949975983,43128700
2023-10-26,30.2227783203125,30.80576615595744,29.167850304402965,29.45471635407731,19917500
2023-10-27,29.269641876220703,30.68546778063721,29.13083583030096,30.35233185841812,13106900
2023-10-30,29.889646530151367,30.04696229858863,29.362182449562724,29.593526468418432,14193400
2023-10-31,30.546659469604492,30.740991107736953,29.945167202137885,30.037703387892993,13609300
2023-11-01,30.611440658569336,30.805768776975118,30.352332970665564,30.491140786686493,11413500
2023-11-03,31.02785873413086,31.48129456510209,30.81502266001117,30.95383048358164,8785500
2023-11-06,30.731731414794922,31.416511103324687,30.602179359404392,31.23143522561161,8521100
2023-11-07,30.33382225036621,30.79651022138475,30.19501797707809,30.73173418784448,15716300
2023-11-08,30.0284481048584,30.417104281246342,29.85262442789627,30.259792075573753,6569200
2023-11-09,29.991437911987305,30.25979781613437,29.79710978692751,30.08397410581687,5700600
2023-11-10,30.694721221923828,30.91681302234573,30.02845288071696,30.13024480882577,7267300
2023-11-13,30.278305053710938,30.61144099176371,30.02845310017136,30.61144099176371,7939500
2023-11-14,30.96308135986328,31.092633440276437,30.25979712475067,30.49114113406829,8465100
2023-11-16,30.981584548950195,31.11113660947883,30.703972486384703,30.963076607441977,10829700
2023-11-17,30.778003692626953,31.15740770508767,30.39859968016624,31.00934768876225,8961500
2023-11-20,30.981584548950195,31.03710837347485,30.57442042585607,30.778000722388683,6991600
2023-11-21,31.148155212402344,31.148155212402344,30.731735317177204,30.95382710464035,4985800
2023-11-22,31.555322647094727,31.777414457615233,31.166666391220804,31.185174336266645,5651700
2023-11-23,31.518310546875,31.57383085244067,31.314726679721954,31.555322907242243,3008100
2023-11-24,31.203685760498047,31.638610162465497,31.203685760498047,31.462789959970568,2542400
2023-11-27,31.59233856201172,31.73114638494981,30.750246476926936,31.20368230583239,4968000
2023-11-28,31.80516815185547,31.99024403470304,31.305467857204533,31.583079916461465,5627600
2023-11-29,31.583078384399414,31.990242482889887,31.55531470880031,31.832930284619255,3021400
2023-11-30,31.63860321044922,31.768158811747924,31.222186847091265,31.620095267406548,8086700
2023-12-01,32.184574127197266,32.28636604560309,31.620094237877026,31.638602180317093,5005000
2023-12-04,32.16606521606445,32.647261114927545,31.74039314284944,31.786661232541686,5514000
2023-12-05,32.66577911376953,32.88787095470927,32.16607511917765,32.175330857983084,5143900
2023-12-06,32.74906539916992,33.40608169902176,32.67503713370859,32.78608129691573,5700700
2023-12-07,32.72129821777344,33.12846241549522,32.40667021452448,32.832342357146736,4183000
2023-12-08,32.064273834228516,32.88785775588204,31.786658261961303,32.721289824533166,5927600
2023-12-11,32.267860412597656,32.7120404728623,31.99024831618592,32.05502435434768,4105000
2023-12-12,32.415924072265625,32.499208063543,32.1660720984335,32.295627719332536,3469600
2023-12-13,33.36906051635742,33.452344499269614,32.03651678976238,32.277116531521756,6245100
2023-12-14,33.591148376464844,33.803984434651085,33.20249214761066,33.655924414607206,5864700
2023-12-15,33.3412971496582,34.02607696339454,33.3412971496582,33.776225012302746,11388200
2023-12-18,33.41728210449219,33.834535213825646,33.32455722625562,33.565638372578256,5052100
2023-12-19,33.76961898803711,33.95506516874398,33.426545852839006,33.49145148552265,4893400
2023-12-20,33.52853775024414,34.066331261576785,33.52853775024414,33.713983910603375,6796400
2023-12-21,33.74180603027344,33.84380161477323,33.45436778714711,33.84380161477323,4939500
2023-12-22,33.85306930541992,33.89015924866511,33.5378118620192,33.74180301277604,4733200
2023-12-26,34.047786712646484,34.23322933820639,33.79743492363098,33.908701206385196,3173100
2023-12-27,34.159061431884766,34.2981469724969,33.85307465737495,34.04779512165039,2730800
2023-12-28,34.223968505859375,34.511410317838376,34.038522289650096,34.159062860749984,3536300
2024-01-02,33.9087028503418,34.35377154002777,33.68617027404458,34.2239602810058,3991200
2024-01-03,34.168331146240234,34.57631350026071,33.73253663684398,33.73253663684398,6435500
2024-01-04,33.7139892578125,34.40013556174924,33.621264394380596,34.029246719297234,5461100
2024-01-05,33.35236740112305,33.704711231462404,32.981475063080964,33.40799877586533,9274700
2024-01-08,33.43582534790039,33.65835796995433,33.04638795366761,33.25037913812727,3433300
2024-01-09,32.6105842590332,33.361639687206726,32.490047250027246,33.194738480945944,5964800
2024-01-10,32.74967956542969,32.98148647262389,32.67550319441575,32.78676951948301,3191100
2024-01-11,32.28606033325195,32.80530899158739,32.267515359337246,32.65695273736185,4883200
2024-01-12,32.14697265625,32.53641000833566,31.970800721432603,32.26751321012078,4474600
2024-01-15,31.822446823120117,32.25824487048672,31.720451234409456,32.146975026206654,2592600
2024-01-16,31.164112091064453,31.72044709143391,31.03430082678436,31.71117637416748,7196800
2024-01-17,30.969396591186523,31.13629780624198,30.756131176433126,30.997212281331823,4706900
2024-01-18,30.728321075439453,31.117758493767287,30.5057884396171,31.015762895226842,4085900
2024-01-19,31.043567657470703,31.470091340160323,30.255425916105477,30.9044856933369,6901200
2024-01-22,30.95085906982422,31.21048167259335,30.783957814589012,31.052854674367143,3767000
2024-01-23,31.312469482421875,31.349559427039594,30.96012208273712,31.071388379498483,5512800
2024-01-24,31.034305572509766,31.479374348283,30.93230998152361,31.479374348283,6881200
2024-01-25,30.83031463623047,31.16411710499359,30.79322468701407,31.04357653858641,4835300
2024-01-26,30.75613021850586,31.062116948941245,30.635593206902573,30.969395626616915,3828900
2024-01-29,30.83031463623047,31.312473364766948,30.70977406982329,30.73759330028171,4135300
2024-01-30,30.589235305786133,31.034304059866262,30.366699160200046,30.876673553181945,4833100
2024-01-31,29.986534118652344,30.77467599016668,29.903083511555028,30.598504058335376,6014500
2024-02-01,30.255434036254883,30.80249839769146,29.754730341972152,30.014352907707416,9860000
2024-02-02,30.21833610534668,30.58922841878843,29.903078700048567,30.26469676025409,6217700
2024-02-05,30.839582443237305,30.987938689003453,30.134891160121065,30.21834176943277,7346000
2024-02-06,30.821046829223633,31.229025697870224,30.505789305285447,30.92303889356585,5566400
2024-02-07,31.182659149169922,31.433010977215115,30.80249604815876,30.941578039011482,4950400
2024-02-08,31.340280532836914,31.395915441527503,30.923027560385673,31.015752408203326,5247100
2024-02-09,30.941585540771484,31.340293711314505,30.848864191056126,31.331022991180074,4039600
2024-02-14,31.089933395385742,31.303195271598867,30.867400801551092,30.941577153798708,4030600
2024-02-15,30.7932186126709,31.405188505653907,30.626317411212668,31.247561558216432,4843200
2024-02-16,30.969396591186523,31.127023551465662,30.737589741064145,30.969396591186523,6446000
2024-02-19,31.052845001220703,31.052845001220703,30.644862710137925,30.90448876912467,2780000
2024-02-20,31.776084899902344,31.905896176003317,30.839583201587615,31.00648442431515,8284100
2024-02-21,33.96434783935547,33.96434783935547,32.92585038489981,33.25038216582692,23108000
2024-02-22,32.888755798339844,34.112695638285985,32.39732288922041,33.89015951416319,12996800
2024-02-23,33.361637115478516,33.73252944237654,32.80530216222285,32.91656844545571,8754900
2024-02-26,34.191837310791016,34.49102729154677,33.34101513427448,33.53735789040309,8763800
2024-02-27,34.55648422241211,34.66868317050814,33.89265649599818,34.23859433606043,5350600
2024-02-28,34.50973129272461,34.64062647933762,34.229241097607265,34.50038316509211,3790300
2024-02-29,34.30404281616211,34.67803218612331,34.191847431824534,34.369490420911276,7661800
2024-03-01,34.86501693725586,35.13615897489176,34.37883232148231,34.388180448085706,6122500
2024-03-04,34.72477340698242,34.9959154706603,34.28533651527181,34.799572693497545,4485100
2024-03-05,34.995914459228516,35.1081098191323,34.5190779380416,34.72477240338703,6135700
2024-03-06,34.715415954589844,35.09875327844606,34.621916871560686,34.96785812883057,4409400
2024-03-07,34.50038146972656,34.69672423999769,34.14509200450298,34.59387700796248,3489600
2024-03-08,34.519081115722656,34.724775600003454,34.182495005026595,34.453633519201766,2724400
2024-03-11,34.743473052978516,34.90241975270651,34.26664008704709,34.294688036035325,3755200
2024-03-12,35.16421127319336,35.416653522238356,34.7341260636914,34.79957365789272,5878500
2024-03-13,35.54754638671875,35.678441566564125,35.06136174256011,35.1081095115583,4603100
2024-03-14,35.33251190185547,35.57560249639049,35.14551721633709,35.23901277578279,4046200
2024-03-15,35.52885055541992,36.30487716111116,35.10811345393832,35.67844557298821,9875600
2024-03-18,35.52885055541992,35.67844557298821,35.22966052028335,35.48210278117231,5536500
2024-03-19,36.23942947387695,36.40772433061512,35.547553788732834,35.6223495213793,8934600
2024-03-20,36.304874420166016,36.43576960482762,36.089828254934766,36.379670139989955,4640600
2024-03-21,36.8658561706543,37.27724156152404,36.2300764787297,36.26747612334324,9309100
2024-03-22,37.15570068359375,37.417491081075376,36.75366339224601,36.82845912011505,5473300
2024-03-25,36.55434799194336,37.15359901282475,36.49816686930404,37.041240339363945,3554400
2024-03-26,36.3109016418457,36.87270217768783,36.19854296340448,36.460714403706675,7648500
2024-03-27,36.09555435180664,36.451361082788665,35.805294067848166,36.29218297742086,4968600
2024-03-28,35.76782989501953,36.25472223918587,35.636744181555095,36.0393666282346,5257500
2024-04-01,35.571205139160156,35.898919457962386,35.17794438477929,35.767833730441495,6335000
2024-04-02,35.739749908447266,35.8708392390663,35.393308464216,35.449489605909875,5312400
2024-04-03,35.477569580078125,36.0112777922581,35.28094099071038,35.786560424928716,7117600
2024-04-04,35.67420196533203,36.207910234300826,35.41203048494555,35.47757335504217,4821600
2024-04-05,35.571205139160156,35.767833730441495,35.41202706158608,35.50565870358152,4478300
2024-04-08,35.76782989501953,35.90827734295237,35.33711867311702,35.53374724331367,3081900
2024-04-09,36.329627990722656,36.423263197486314,35.68356113723408,35.73037695470695,3764800
2024-04-10,35.95510482788086,36.71353050424284,35.87083491141635,36.23600335882303,7144900
2024-04-11,35.805294036865234,36.27345947181901,35.618027148519964,35.786566990848826,4135800
2024-04-12,35.56184768676758,36.01128609689035,35.27158381755915,35.58057473366673,6024400
2024-04-15,35.24348449707031,35.67419573153269,35.08431000374122,35.5618370555464,4838200
2024-04-16,36.301544189453125,36.51689983679551,34.67232708667292,34.9157750858032,13386100
2024-04-17,35.786563873291016,36.37644969823514,35.63675109002955,36.30154509251366,6574700
2024-04-18,36.14236831665039,36.19854945185024,35.67420290544083,35.786565175840536,6347300
2024-04-19,36.09555435180664,36.44199577386295,35.88956398908552,36.01128443056928,8284900
2024-04-22,35.833377838134766,36.11427634569049,35.683565062650494,35.8240125305192,5350900
2024-04-23,35.571205139160156,35.93637354348784,35.39330001882335,35.655475045683325,4381600
2024-04-24,35.79591751098633,36.170451170313505,35.53374609254792,35.55247313269605,4946800
2024-04-25,36.20790100097656,36.292170894156754,35.561834201140194,35.65546940012798,5460400
2024-04-26,36.722896575927734,36.87270936699867,36.19855002127011,36.39517863983471,5979700
2024-04-29,36.853981018066406,36.95697797800055,36.46072022302864,36.722895276993334,4677100
2024-04-30,37.031883239746094,37.237877163256606,36.66671479120919,36.74162297132887,6934600
2024-05-02,36.3764533996582,37.45323534454131,35.58057357731425,37.162971484766324,12268300
2024-05-03,36.301544189453125,36.507538100745144,35.80529002696062,36.507538100745144,5092600
2024-05-06,36.17045974731445,36.441992964306,35.95510409227083,36.15173270272563,2810000
2024-05-07,36.42326736450195,36.7135276091318,36.04873363823452,36.14236528389222,4895900
2024-05-08,36.601173400878906,36.601173400878906,36.1049191888662,36.236004937562484,3759000
2024-05-09,36.42326736450195,36.451356143835596,35.833377995767165,36.20790815021627,4949800
2024-05-10,36.488807678222656,36.61989340170056,36.25472500863553,36.385810732113434,3462100
2024-05-13,36.59180450439453,36.81652186624349,36.048730998259764,36.60116623954738,11032700
2024-05-14,37.08805847167969,37.25659827830456,36.50753445542628,36.52625792565745,9947400
2024-05-15,37.0974235534668,37.42514146116538,36.8727061722399,37.12551590498394,3768600
2024-05-16,37.07869338989258,37.265960239703766,36.61052805127364,37.19105564287013,3271800
2024-05-17,37.116153717041016,37.116153717041016,36.44199437305644,36.8071663989272,6701800
2024-05-20,37.312782287597656,37.312782287597656,36.769712261493716,36.9382520972753,8148200
2024-05-21,37.228515625,37.37832842859243,36.985071158594415,37.19106510296613,6672800
2024-05-22,36.779075622558594,37.21915227673726,36.71353274706205,37.07870121677676,7065600
2024-05-23,36.54499053955078,36.68544159042477,36.329634880877634,36.51690175810342,5413400
2024-05-24,35.898929595947266,36.41391091599112,35.646119804983364,36.41391091599112,9008900
2024-05-27,35.90827941894531,35.964460544457175,35.70228910237118,35.89891768393568,1905700
2024-05-28,35.79591751098633,36.01127311496326,35.589923641174614,35.964457300501785,4937400
2024-05-29,35.3277587890625,35.543114433067316,35.112403145057684,35.48693687399897,7136500
2024-05-31,35.15922546386719,35.42140055129013,34.98132387425295,35.16859077332105,21946000
2024-06-03,34.96259307861328,35.440120226810286,34.94386603353241,35.32776152814369,5074200
2024-06-04,35.3932991027832,35.627381773531525,34.81277507943642,34.92513376128655,4322600
2024-06-05,35.14986038208008,35.346489000075806,34.44761225625076,34.72851079221875,8883900
2024-06-06,35.40266418457031,35.702289715476255,34.9532258882114,34.98131466554068,5135800
2024-06-07,35.44011688232422,35.571206185519415,35.01877090913227,35.04685968819352,6847500
2024-06-10,35.40266418457031,35.83337543877035,35.374571835422955,35.4307529618996,4491300
2024-06-11,35.3932991027832,35.67419759331757,35.318394505489145,35.49629604940336,5918200
2024-06-12,35.64611053466797,35.73974217875499,34.737868585387176,35.40266611695076,12710400
2024-06-13,35.97382736206055,36.02064675917769,35.5524813625544,35.72102119108427,5056600
2024-06-14,36.301544189453125,36.79779835194564,35.80529002696062,35.80529002696062,11832200
2024-06-17,36.301544189453125,36.76970957197614,35.95510280649525,36.14236610204973,6603100
2024-06-18,36.38581085205078,36.59180474494825,35.973823066255854,36.30154094784892,4188300
2024-06-19,37.27531814575195,37.28467987906562,36.53561620036408,36.79778759495528,7729100
2024-06-20,38.183563232421875,38.183563232421875,37.33150247334223,37.33150247334223,10168600
2024-06-21,38.46446990966797,38.773457207736556,37.89330756604778,38.12739025954337,12574100
2024-06-24,38.26783752441406,38.661098304693326,38.04312014009884,38.20229465633725,8649700
2024-06-25,38.923274993896484,39.063726056782,38.10866811588962,38.24911560695624,7233100
2024-06-26,39.27907180786133,39.45697334698336,38.511280954234465,38.66109371660512,9408900
2024-06-27,39.04499435424805,39.64424548370496,38.745368789519596,39.32589287470366,8056700
2024-06-28,39.5037956237793,39.5037956237793,38.717277599795096,39.04499552668268,11180100
2024-07-01,39.35635757446289,39.81584126701336,39.17818736225149,39.243827889758705,3981200
2024-07-02,39.41261291503906,39.75019476412427,39.33759671365342,39.403237231293325,5461800
2024-07-03,39.48762512207031,39.9283572935507,39.38447473494603,39.68454663723163,4894700
2024-07-04,39.28133010864258,39.6751767738642,39.159424762604964,39.665797513401436,3864100
2024-07-05,39.56265640258789,39.78771220373255,39.35635912677427,39.40324470868006,3948100
2024-07-08,41.7006721496582,41.7006721496582,39.553278968198946,39.56265465330931,11694400
2024-07-09,41.77568435668945,41.822569932026994,41.30682144903381,41.34433134015989,5605400
2024-07-10,41.306827545166016,42.04763190710472,41.18492216958532,41.77569052201726,4993800
2024-07-11,42.16014862060547,42.16014862060547,41.166161620654094,41.166161620654094,5502300
2024-07-12,43.02285385131836,43.56673286855625,42.15076871008532,42.16014439265,8072900
2024-07-15,43.61363220214844,43.72616189128096,42.91971700486756,43.03224311685948,4646400
2024-07-16,43.77303695678711,44.27003044439516,43.50109563909451,43.669886555100966,8663600
2024-07-17,44.119998931884766,44.41069522264493,43.651136023836806,43.96058726017571,5579100
2024-07-18,44.44820022583008,44.44820022583008,43.651131223518234,44.05435356626829,7334900
2024-07-19,44.34505844116211,44.935823179578904,44.19502244102032,44.7295259150967,4210800
2024-07-22,44.23251724243164,44.50445853974611,44.02622003165814,44.34504689609661,3704000
2024-07-23,44.119998931884766,44.42007090686425,43.88556747786078,43.88556747786078,4935300
2024-07-24,43.74490737915039,44.204390990414346,43.51985162669674,44.02622438686258,3907100
2024-07-25,43.088504791259766,43.59487762367876,42.825939113075655,43.45421731118226,5990900
2024-07-26,43.99809646606445,44.035606359687335,43.08850479712178,43.182275954038644,5986900
2024-07-29,43.585487365722656,44.09186007039122,43.510471174552926,43.819918775979644,3952200
2024-07-30,43.00410079956055,43.61362035296477,42.86344051493054,43.566734783801316,7409900
2024-07-31,47.50518035888672,47.711481142545544,44.204385706042494,44.279405473605486,21911100
2024-08-01,49.549434661865234,49.633830132480945,46.91442370343291,47.44892715828562,13624400
2024-08-02,46.717506408691406,49.54943919881711,46.57684608573903,49.371272556599294,15383100
2024-08-05,45.990413665771484,46.526936822277044,44.776175536561205,45.180921579631296,10892300
2024-08-06,46.09394836425781,46.413979997636666,45.482122021115224,46.413979997636666,5361900
2024-08-07,45.48212814331055,46.25396861170909,45.340936324916406,46.235142796546064,4746100
2024-08-08,46.771663665771484,47.20465021195526,45.416237356473836,45.46330009674294,6144900
2024-08-09,46.78107452392578,47.157580005795744,45.83039073159162,46.84696307301944,7694400
2024-08-12,47.609397888183594,47.78823774365475,46.86579435797814,47.129348585126586,8193400
2024-08-13,48.12710189819336,49.21897417849936,47.83530711295405,47.98591006228392,10203100
2024-08-14,48.51301956176758,48.76716269829261,47.910607796963355,48.15533622991857,7557200
2024-08-15,49.604896545410156,49.96257991159822,48.83305594882277,48.917770335797364,6993700
2024-08-16,50.12258529663086,50.809711387189395,49.32250790656249,49.868442179740924,10598700
2024-08-19,48.74833297729492,50.82853705810022,48.74833297729492,50.51791649700755,11183700
2024-08-20,49.990814208984375,50.28260540045121,48.87070141905941,49.20955894909864,6174500
2024-08-21,50.292015075683594,50.452029120725776,49.576648452540375,49.93433176411199,4524500
2024-08-22,51.01679611206055,51.56273043179102,50.3108441462774,50.3108441462774,6979500
2024-08-23,50.649696350097656,51.53448809507521,50.61204472078193,51.29917079783743,4682400
2024-08-26,50.903839111328125,51.016790407840205,50.0378695963169,50.64969600118321,4814100
2024-08-27,50.82854080200195,51.12974668246493,50.263780673798195,50.90384406744636,3857600
2024-08-28,50.82854080200195,51.36506400099272,50.53674603439086,50.83795191485384,3555600
2024-08-29,50.39555358886719,50.8473623718287,50.216710143701555,50.59321925816466,6435200
2024-08-30,50.969730377197266,50.969730377197266,49.8496176924784,50.103760816137545,17140300
2024-09-02,49.27544021606445,51.38388476254785,49.10601147613914,51.289759280659105,5049200
2024-09-03,49.69902038574219,49.99081517349635,49.13426021855211,49.30368898684065,4760400
2024-09-04,50.25436782836914,50.461448225340426,49.44487564819862,49.82138480802687,4687100
2024-09-05,50.819129943847656,50.922666548366635,49.75549465338723,49.90609759437352,3816500
2024-09-06,49.77431869506836,50.74382486868238,49.62371575945203,50.63087356463444,4776400
2024-09-09,49.369571685791016,49.91550597043657,49.01188837406362,49.7460772222845,4805900
2024-09-10,49.78373336791992,49.78373336791992,48.89894150673019,49.27544707736823,5643900
2024-09-11,50.3578987121582,50.64969343658473,49.520169756685334,49.520169756685334,6069800
2024-09-12,50.17906188964844,51.092090563722955,49.54840966422508,50.216709928407724,6480500
2024-09-13,50.470855712890625,50.969730852424235,49.86844397296654,50.131998211519026,2955000
2024-09-16,49.88726806640625,50.75323401498696,49.55782527958904,50.47085397047834,2720400
2024-09-17,50.188480377197266,50.3390833263375,49.661368259877655,49.88727447891679,4258700
2024-09-18,50.452030181884766,51.082682444253365,49.840207325984395,50.07552463763621,6973800
2024-09-19,50.131996154785156,50.35790234331718,49.71783899824301,50.16964778465,4842400
2024-09-20,49.435455322265625,50.4237871943086,49.435455322265625,49.89667518691251,11824400
2024-09-23,51.12974166870117,51.12974166870117,49.31309186055409,49.331917675069135,4877100
2024-09-24,52.13690185546875,52.50399627911652,51.270935891033716,51.29917281880442,8896000
2024-09-25,52.409873962402344,52.57930272058753,51.8168733087542,52.287507950233625,6674000
2024-09-26,52.758140563964844,52.842854939801455,51.9674742530422,52.5228232522695,5616900
2024-09-27,52.739315032958984,52.79579248070746,52.24985459111056,52.664015359951584,6450600
2024-09-30,51.25973129272461,53.00326174464447,51.25973129272461,52.42836805599019,6435400
2024-10-01,52.66397476196289,52.984407101130635,51.64612959219979,51.8346198379136,8044000
2024-10-02,52.16448211669922,53.12577926403185,51.96656894978886,52.8995938147494,5130300
2024-10-03,51.457645416259766,51.83462595215475,50.845056539371456,51.6084369115872,4470600
2024-10-04,51.363399505615234,51.81577396892527,51.13721047638389,51.231457403210555,4819200
2024-10-07,50.32671356201172,51.56131786939797,50.28901478747166,51.504773302740894,5409300
2024-10-08,51.184329986572266,51.42936477848547,50.901592833011776,51.03353851574439,6798000
2024-10-09,50.89217758178711,51.18433767327089,50.22304055419658,50.81678003747408,5806100
2024-10-10,51.06181716918945,51.06181716918945,50.43980182495863,50.60944270021728,3762500
2024-10-11,51.05238723754883,51.250303975444844,50.54346824123003,51.07123662187952,3283900
2024-10-14,51.872318267822266,51.872318267822266,50.609438303473276,51.05238624358694,5422800
2024-10-15,53.27656555175781,53.27656555175781,51.72152905576883,52.211602274824635,8123800
2024-10-16,53.89857864379883,53.92685451739111,52.78649015323327,52.78649015323327,10016400
2024-10-17,52.98440933227539,53.80433780123191,52.777069693744004,53.62527403759734,5134400
2024-10-18,52.041961669921875,53.417934410099214,51.778073876694904,53.28599231106201,5431900
2024-10-21,51.872318267822266,52.35296497586333,51.599007593077154,52.33411559189963,5297800
2024-10-22,52.72995376586914,52.72995376586914,51.45764711166866,51.64613738582647,4733100
2024-10-23,52.96555709838867,53.295412328170706,51.947711940514345,52.25872138158229,4913300
2024-10-24,53.031532287597656,53.34253815781153,52.30584713022842,53.01268290225854,3520800
2024-10-25,52.27756881713867,53.040949061941966,52.239870050810744,52.918433464104545,3796300
2024-10-28,53.0221061706543,53.20117353506034,52.645129246675715,52.96556160939148,2063700
2024-10-29,53.66297149658203,53.728942548895326,52.81477071177424,52.89016465935255,4877100
2024-10-30,50.89217758178711,52.19275645996445,50.373832047669836,52.08908663411044,20716600
2024-10-31,50.9958381652832,51.5047607117019,50.18533268657613,50.79792504005998,9694500
2024-11-01,51.55188751220703,52.352966581901065,51.48591646388647,51.78749942625263,6364400
2024-11-04,52.95613479614258,52.95613479614258,51.09951527789776,52.04196297482599,6547400
2024-11-05,52.786495208740234,53.07865529615873,51.75922705026242,52.66397959366551,5779800
2024-11-06,52.86189270019531,53.351965945472124,51.99483892927395,52.418941121835886,5170500
2024-11-07,52.560306549072266,52.95613284149866,51.70267932032923,52.64512698247113,4521400
2024-11-08,51.91944122314453,52.503757759961445,51.74037746375857,51.84404368541204,7160900
2024-11-11,52.296424865722656,52.296424865722656,51.410521719865045,51.51419154290394,3348100
2024-11-12,52.23045349121094,52.27757875565597,51.83462715497363,51.92887049355787,3988000
2024-11-13,51.55188751220703,52.352966581901065,51.37282015663478,51.98541257121433,9208500
2024-11-14,51.2220344543457,51.63671377074787,50.79793583733862,51.504771659220964,6074900
2024-11-18,50.89217758178711,51.18433767327089,50.505774155064834,50.81678003747408,3437300
2024-11-19,51.01469039916992,51.37281790430813,50.45864616259473,50.882748308313495,4176900
2024-11-21,50.63771057128906,50.84505019969419,50.10051571146885,50.64713706084515,6608700
2024-11-22,50.90159225463867,51.127781255886525,50.543464762461866,50.84504770069086,5034900
2024-11-25,49.14863967895508,51.09007927213724,49.08266864006939,50.91101553732637,12443900
2024-11-26,49.74238204956055,50.034542093190154,49.03554636558921,49.158065557453526,8886200
2024-11-27,49.11094284057617,50.194755375581515,48.91302971616025,49.883749550806805,6111900
2024-11-28,49.86490249633789,50.50576715354558,48.56432379845732,48.92245489399157,7146300
2024-11-29,50.83562469482422,51.165483527781056,49.27116174738317,49.71411329113687,8458300
2024-12-02,50.75081253051758,51.21261353382602,50.14764651447205,50.458656013769115,6197600
2024-12-03,51.457645416259766,51.778077793224654,50.420954335277806,50.750809607821296,6016400
2024-12-04,51.834617614746094,52.77706520774147,51.33512154090726,51.410515478867715,5505900
2024-12-05,51.768653869628906,52.494339049966825,51.47649378035434,51.99483931055206,5198100
2024-12-06,52.400089263916016,52.62627828766218,51.599010178655455,51.62728245844151,6487900
2024-12-09,52.54145812988281,52.74879776981279,52.230448669987844,52.40008953990281,4459000
2024-12-10,53.60642623901367,54.01167903805204,52.70167371374624,52.76764836035606,5662200
2024-12-11,55.18031311035156,56.386648632794255,53.465058553053865,53.71951986805773,10358000
2024-12-12,54.47347640991211,55.152039905219766,53.84203817578623,55.10491823919066,10479800
2024-12-13,54.34153747558594,55.15204312109616,54.32268808904467,54.47347958622195,6356600
2024-12-16,53.82318878173828,54.82218104394519,53.82318878173828,54.520598067223936,5966200
2024-12-17,54.56772994995117,55.12377430484564,54.03053498278316,54.38866256412643,9401900
2024-12-18,53.76664352416992,55.180315151949074,53.30484613904767,54.46405644240823,10121900
2024-12-19,53.21059799194336,55.28398371771348,53.191748605918306,54.20016738976578,9028800
2024-12-20,52.343544006347656,53.125773696269036,51.2785771417257,52.90901116544377,14233300
2024-12-23,51.19187927246094,52.371633090867995,51.173002779327675,52.371633090867995,4062300
2024-12-26,51.58827590942383,51.81479023145151,51.05974489157457,51.191880346279135,3560800
2024-12-27,50.66335678100586,51.90917673461063,50.66335678100586,51.81479785340439,3720300
2024-12-30,49.80449295043945,50.97480684714104,49.76673996013984,50.67279012539074,4283000
2025-01-02,49.75729751586914,50.07819069409451,49.3137089341192,49.653478605219334,4029300
2025-01-03,49.51191329956055,50.12538679852262,49.323151946008885,49.64404516694971,5796000
2025-01-06,49.5213508605957,49.77617813504526,48.75686903724706,49.61572973247042,5551100
2025-01-07,50.51234436035156,50.635039776339696,49.49303524350848,49.83280494912284,7466200
2025-01-08,50.21976852416992,51.31458011649164,49.710113920764066,49.80449640305602,6627600
2025-01-09,51.239070892333984,51.39007924352314,50.21032537475688,50.21032537475688,4555800
2025-01-10,50.35189437866211,51.40895645200154,49.89886931879798,51.03143376861986,5768000
2025-01-13,50.25751495361328,50.82379537211631,49.72898392277352,50.38964681124245,4563200
2025-01-14,49.95550537109375,50.57841536036675,49.61573563143146,50.30471155893617,5413100
2025-01-15,51.11638641357422,51.21076530313003,49.75731096222172,50.578418822393616,4634000
2025-01-16,50.65391159057617,51.361763928736195,50.200886526192534,51.08806376089326,4442000
2025-01-17,51.125816345214844,51.125816345214844,50.37077452404459,50.691667748082374,4222700
2025-01-20,52.03186798095703,52.19231278618456,50.83323756423585,51.06918834862215,2471800
2025-01-21,52.5037727355957,52.815225917716134,51.56940598858748,51.824233283226086,3951600
2025-01-22,53.26824951171875,53.306002502520556,52.45658181142025,52.87185390926995,4930100
2025-01-23,54.0327262878418,54.05160278146583,53.183302076375334,53.268244497521984,4528400
2025-01-24,54.61788558959961,54.64620213144182,53.63633308026725,53.768464941120264,4763100
2025-01-27,50.314144134521484,53.54194898125565,49.832802541383394,53.409817124417145,22361900
2025-01-28,51.050315856933594,52.3244487524012,50.719986173019336,51.42783858168435,10279700
2025-01-29,51.37120819091797,52.5981516243304,50.729421730304054,50.776611169988485,7108300
2025-01-30,53.051170349121094,53.21161874515037,51.35232552241897,51.70153165449724,6202600
2025-01-31,51.94692611694336,53.2399354212879,51.626032902691065,53.05117407167068,7220600
2025-02-03,50.87099075317383,51.90917276841277,50.625599920269394,51.54109011937939,7771800
2025-02-04,51.021995544433594,51.54108651575957,50.87098719640562,50.96536606380197,5745400
2025-02-05,51.40895462036133,51.890292604216484,51.25794627245354,51.30513570611416,4234700
2025-02-06,51.4655876159668,51.607159536844605,50.67279277976279,51.39952167964342,5926400
2025-02-07,50.90874099731445,51.72041228846352,50.56897488503367,51.46558500401044,4872800
2025-02-10,51.16356658935547,51.380640876266874,50.77660745176154,51.15413014223898,3066100
2025-02-11,50.12538146972656,51.437267156943726,49.85167771619008,51.163563403407245,6808600
2025-02-12,49.738426208496094,50.10650885712157,48.700240594084406,49.54966486039186,8590300
2025-02-13,49.5213508605957,50.0498783036112,49.040009253194384,49.5307873076539,5410300
2025-02-14,50.776611328125,51.18244699125723,49.72898920238011,49.83280813020326,7097900
2025-02-17,49.502479553222656,50.4179662273699,49.46472656038759,50.12538953370703,5452400
2025-02-18,49.91775131225586,50.77661209125974,49.70067700551021,49.738429998072114,8727000
2025-02-19,49.275962829589844,50.10651063044859,48.964509654469936,49.776180959817864,6153300
2025-02-20,49.17213821411133,49.408088980206536,48.91731455501272,49.26652068074319,6433300
2025-02-21,49.9743766784668,49.9743766784668,48.615297860943606,49.45528567469535,8664000
2025-02-24,48.65304946899414,50.25751547172414,48.53035405693513,49.90830933005803,9130900
2025-02-25,49.45528793334961,49.766741109707446,48.983386344673846,49.24765008222879,8806700
2025-02-26,45.16098403930664,47.35060728967765,45.038292209129516,47.05803058659901,25725700
2025-02-27,46.151973724365234,46.66162466978604,45.20817061016818,45.481870777039724,11326100
2025-02-28,45.69894790649414,46.05759412030891,45.20817342484031,46.00096823413837,7843900
2025-03-05,45.25508499145508,45.94839433604526,44.97016026595172,45.58749234058449,9387200
2025-03-06,44.9036865234375,45.49252767603881,43.953946936238104,45.264588581004595,7728600
2025-03-07,45.48302459716797,45.9009123006625,44.57127553621963,44.60926598616799,7584000
2025-03-10,45.2835807800293,45.321571230489944,44.67574806453394,44.903683521360314,5747800
2025-03-11,44.25786209106445,45.33106880936881,44.13439855667862,45.036648241205626,8850600
2025-03-12,44.82770919799805,45.103134547537884,44.20088121595819,44.381330433086525,6859100
2025-03-13,44.39082717895508,44.89418796996814,43.963443666317204,44.82770649277656,6531300
2025-03-14,44.39082717895508,44.438313430810666,43.72600878407047,44.352836728283094,8528600
2025-03-17,45.25508499145508,45.66347323351028,44.57127144699643,45.54000609399005,8931300
2025-03-18,45.25508499145508,45.54000609399005,44.485794753939096,45.22659034512371,5953500
2025-03-19,45.720455169677734,45.77744083923428,45.312066928610065,45.312066928610065,5319200
2025-03-20,45.49251937866211,45.83442252440024,45.38804746344976,45.82492672436655,4807700
2025-03-21,45.445037841796875,45.72996261660459,44.827709283307854,45.55900920090757,9662300
2025-03-24,45.05565643310547,45.43619188954061,44.722683825998836,45.37911356707466,4934900
2025-03-25,44.713172912597656,45.322032558838245,44.58949716286449,45.13176301211562,5214000
2025-03-26,44.4753303527832,44.81781476075303,43.90452542555965,44.71316634397456,6298500
2025-03-27,44.13285827636719,44.770260797988705,43.895022218719944,44.665612351969486,8070000
2025-03-28,43.61912536621094,44.18993400147738,43.38128934212235,44.13285204922382,3862500
2025-03-31,43.07686233520508,43.504967932344435,42.9531902075459,43.36226848602462,6231100
2025-04-01,43.143455505371094,43.419346178282815,42.601189633283866,43.39080701525398,5457000
2025-04-02,42.71535110473633,43.267128789965994,42.38237849568819,43.143453042085845,5444800
2025-04-03,42.116004943847656,43.019782590445814,41.91622354813044,42.277731703497835,8146000
2025-04-04,41.59276580810547,41.992328593856335,40.641421694500785,41.84962915426951,10632400
2025-04-07,41.8591423034668,41.92573610316785,40.57482916170093,41.05050123333124,9948200
2025-04-08,41.8591423034668,42.591677729268255,41.62130626765165,42.3538416934531,8394700
2025-04-09,43.20054244995117,43.83794498756762,41.53569000464285,41.640338453288116,11604000
2025-04-10,42.7248649597168,43.248103508173685,42.14454445668484,43.19102518268849,5364200
2025-04-11,42.92464828491211,43.143457010308786,42.563140110303706,42.90562096586587,3282900
2025-04-14,43.59058380126953,43.619122961277945,42.85804845197413,43.286153997548,5625800
2025-04-15,43.59058380126953,44.07577129594976,43.286153997548,43.619122961277945,4444900
2025-04-16,43.60961151123047,43.82842020781205,43.01026374201772,43.59058419468996,7962000
2025-04-17,43.714256286621094,43.93306496492766,43.26712345798767,43.504959451245576,3543500
2025-04-22,43.990150451660156,44.21847099128105,43.3908026842486,43.961607662390385,3871500
2025-04-23,44.018699645996094,44.82734082087668,43.990160479310305,44.24702023766315,8449700
2025-04-24,46.22581481933594,46.596838476650795,44.132856853691216,44.189938812158935,13221900
2025-04-25,47.462554931640625,47.84309401015396,46.216296526234196,46.50169902057439,10397400
2025-04-28,47.87163543701172,48.32828017539063,47.491096340484404,47.57671745574856,8104100
2025-04-29,48.01434326171875,48.385366921586616,47.681370612001075,47.85261285949242,5513900
2025-04-30,42.46799850463867,44.979546256985536,42.46799850463867,44.713171079945596,34414500
2025-05-02,42.25870895385742,43.01978724111557,42.25870895385742,42.76292386352948,18290500
2025-05-05,40.46065902709961,42.001838915031506,40.19428386927455,41.849624020690136,15804300
2025-05-06,40.860233306884766,41.26931159511322,40.64142458070746,40.73655754718801,6818100
2025-05-07,39.90888595581055,41.19319904673698,39.75667104407786,41.09806608781271,9070700
2025-05-08,40.15623474121094,40.850715518629436,40.042074462083335,40.356016136956704,12632900
2025-05-09,39.75666809082031,40.46066064438042,39.75666809082031,40.43212148464107,5972700
2025-05-12,40.59385299682617,40.98390758089084,40.00402064203042,40.09915723415226,10286700
2025-05-13,41.8591423034668,42.049411857936896,40.879258997217136,40.907798160206184,11479300
2025-05-14,41.92573165893555,42.23967693489572,41.67838380470683,41.887677026257435,7012500
2025-05-15,42.0208625793457,42.29675320928525,41.71643279082252,41.783026580243884,6936800
2025-05-16,42.81048583984375,43.286157904730906,41.84011439198318,41.859141710069444,8772000
2025-05-19,42.382381439208984,42.91513547323277,42.20162735597643,42.76292055338168,3814500
2025-05-20,42.36335372924805,42.534595966134866,41.58325181858138,42.382381047689904,4196400
2025-05-21,41.33590316772461,42.44897405768394,41.021957862911556,42.201626180722926,7585500
2025-05-22,41.545196533203125,42.22065362553098,41.202715693865315,41.57373932496534,8321200
2025-05-23,41.56422424316406,41.56422424316406,40.850716136910286,41.22174340059776,5707900
2025-05-26,41.60227584838867,41.99232677288872,41.56422121451315,41.75449075480114,1926500
2025-05-27,42.420433044433594,42.601187114746715,41.821085252631605,42.087464065148986,5502100
2025-05-28,42.48702621459961,42.48702621459961,41.91622122163498,42.42994426366729,5306500
2025-05-29,41.878170013427734,42.42994773455184,41.76400973131411,42.23968180739245,6974600
2025-05-30,40.28942108154297,41.992327887220846,40.28942108154297,41.94476140815901,13668500
2025-06-02,39.81374740600586,40.289419435368366,39.5759113913246,40.289419435368366,7716100
2025-06-03,39.67105484008789,40.31796920230248,39.65202752012979,39.67105484008789,6516500
2025-06-04,41.06001281738281,41.164661253131726,39.918399126897185,40.04207488088135,12869400
2025-06-05,40.47018051147461,41.76400912012783,40.47018051147461,41.03147369819653,12056700
2025-06-06,40.49871826171875,40.90779651721811,40.42261262044129,40.47017909987592,4539700
2025-06-09,40.75558090209961,40.869741176590175,39.78520949620561,40.36552997092464,4151900
2025-06-10,40.241859436035156,41.278824772130676,40.09915998170963,41.278824772130676,5988000
2025-06-11,40.23234176635742,40.508232418839505,39.59493934955709,40.24185361029938,5025600
2025-06-12,40.20379638671875,40.565308127751074,39.57590948339387,39.95644854017415,5467300
2025-06-13,40.327476501464844,40.84120319514855,39.575913778752366,39.71861684780555,4923100
2025-06-16,40.47018051147461,41.31687621384888,40.35601660194176,40.63190727301132,5928600
2025-06-17,39.39516067504883,40.812665039829945,39.109758158991326,40.4511532506425,8397400
2025-06-18,39.82326126098633,39.99450347492695,39.423694885428404,39.52834330829094,4336700
2025-06-20,39.61396408081055,40.33698756225319,39.300022443962895,39.414182709263,9459600
2025-06-23,39.66551208496094,39.84667901794676,38.95038864373708,39.42713760455298,6081400
2025-06-24,39.51295471191406,40.14226322892392,39.30318763111485,40.04691488649756,4735500
2025-06-25,39.87527847290039,39.96109342204516,39.19829589481693,39.57969283977829,4072000
2025-06-26,41.06715774536133,41.59158090738211,39.9420298369427,39.9420298369427,11156400
2025-06-27,40.38063430786133,41.429484172395036,40.38063430786133,40.72389413126124,6984100
2025-06-30,40.7906379699707,41.124364408942924,40.26621486564948,40.34249644163367,10282300
2025-07-01,40.52366638183594,40.99088201818248,40.39017723925302,40.69529631867292,7110200
2025-07-02,40.45691680908203,41.11482906075225,40.151797767382284,40.31389066696395,7025100
2025-07-03,40.72389221191406,40.95273329583049,40.266213681386844,40.52365853680321,6963500
2025-07-04,41.00041198730469,41.362742227963764,40.80017829008758,40.87645623494389,3488100
2025-07-07,40.361568450927734,41.10529566000937,40.27575349316402,41.00041030748639,4161300
2025-07-08,38.721553802490234,40.70482772243514,38.5594572534331,40.70482772243514,11029800
2025-07-09,38.24480438232422,38.66434218214748,38.10177823106537,38.6166680108299,11678900
2025-07-10,38.0445671081543,38.36875653490214,37.36758084470931,37.605955316220786,12622900
2025-07-11,37.90153884887695,38.21619487956676,37.53920865401445,38.00642419244022,11076600
2025-07-14,37.6917724609375,38.23526599657025,37.6917724609375,37.73945026785398,5026100
2025-07-15,37.825260162353516,38.11131244382608,37.396189014756374,37.758515599958145,7131200
2025-07-16,39.20783615112305,39.37946607952296,37.85387075741941,37.9968932728819,11531300
2025-07-17,40.132728576660156,40.53319596691603,39.455745909909886,39.474816305251494,17894300
2025-07-18,40.39970397949219,40.88598993304491,40.06598117788207,40.27575187449742,13711800
2025-07-21,40.018306732177734,41.048082539461134,39.83713980916352,41.03854916118415,7733200
2025-07-22,39.39853286743164,40.285286203849964,39.39853286743164,40.04691172927097,8965700
2025-07-23,36.24245834350586,38.082709823434506,36.24245834350586,37.482008686318466,31116000
2025-07-24,34.545230865478516,36.80502002604562,34.402208352987934,36.42362302209799,30042500
2025-07-25,34.488014221191406,34.898018572608585,34.2687101602273,34.79313686829963,19069200
2025-07-28,35.188777923583984,35.188777923583984,34.48940977503464,34.58521222922465,11133300
2025-07-29,35.045074462890625,36.34800465937124,35.045074462890625,35.591156495395644,14293400
2025-07-30,35.303741455078125,35.90730714696772,34.2498998447827,35.11213654748212,18990800
2025-07-31,35.55282974243164,35.76359950298518,34.39360336864509,35.073810217267386,15042800
2025-08-01,35.61989212036133,35.754017002428625,34.81513917332861,35.706115780923014,16118400
2025-08-04,35.5145149230957,36.20430435681071,35.46661369122766,35.84024841628004,6629900
2025-08-05,35.571990966796875,35.840240731443814,35.38038242577951,35.514507308102985,5735100
2025-08-06,36.558773040771484,36.61625670421625,35.75402002569104,35.830664910284064,9789400
2025-08-07,37.363525390625,37.967091054846655,36.55877238987252,36.57793361067963,14205400
2025-08-08,36.50129318237305,37.689263434999035,36.36716827498278,37.29646749708626,7471100
2025-08-11,35.65821838378906,36.56835265389517,35.476188606064376,36.53003386535832,9567300
2025-08-12,35.07381057739258,36.070172077075455,34.98758691579254,36.070172077075455,6654500
2025-08-13,35.08338928222656,35.33248148390988,34.738494636590566,35.08338928222656,7988800
2025-08-14,34.9588508605957,35.332485551505805,34.53731128756531,34.90136719482899,5821900
2025-08-15,34.46067428588867,35.25584499283778,34.22116446439571,35.25584499283778,7183300
2025-08-18,34.882205963134766,35.02591330019658,34.56605493807994,34.63311738747428,5425600
2025-08-19,34.1061897277832,34.61395292446204,33.88584117831577,34.489406820979035,5848800
2025-08-20,34.55647659301758,34.55647659301758,33.770884674519706,34.048716943279395,7037900
2025-08-21,34.4031867980957,34.76724270969122,34.31696312573438,34.31696312573438,4723200
2025-08-22,35.92646789550781,35.974369121775965,34.42234673198623,34.63311651312125,10637800
2025-08-25,36.14681625366211,36.39590847624117,35.888145247735835,36.06059258502002,8394800
2025-08-26,36.01268768310547,36.34799988547104,35.80191792468773,36.21387500452481,13465700
2025-08-27,36.156394958496094,36.472545941121695,35.80191788255093,36.09891130046012,7509800
2025-08-28,36.233036041259766,36.71205555915546,36.06058872244701,36.40548336007252,11601700
2025-08-29,36.079750061035156,36.501285922510995,36.00310883832541,36.271358599752865,12724500
2025-09-01,36.22346115112305,36.395908488465146,35.926467702449585,36.338424824474686,4831500
2025-09-02,36.09891128540039,36.40548348553989,35.89772396430176,35.96478640466797,7248500
2025-09-03,36.261775970458984,36.27135840738995,35.84024011121873,36.185134748155704,8758100
2025-09-04,35.686954498291016,36.35758256207059,35.686954498291016,36.14681280226386,8614300
2025-09-05,36.261775970458984,36.63541426355996,35.97436499122114,35.97436499122114,6112300
2025-09-08,35.86898422241211,36.40548745852001,35.61989565310123,36.271362563150355,6063500
2025-09-09,35.42828369140625,36.05101053682936,35.4091224718178,35.69653345638657,5401000
2025-09-10,35.715694427490234,35.974365408191154,35.40912222546594,35.44744466437621,6369400
2025-09-11,35.284584045410156,35.87856730179182,35.16961671478452,35.821083636479,6560300
2025-09-12,35.3995475769043,35.44744880382143,34.939689220167,35.09297533907943,4908900
2025-09-15,34.978004455566406,35.4761852050798,34.776817130175125,35.13129055890676,6287600
2025-09-16,35.22710037231445,35.36122527005203,34.91094569510785,35.18877792878104,6047700
2025-09-17,35.169612884521484,35.4282838683137,34.93010312041339,35.24625776325798,9531700
2025-09-18,35.188777923583984,35.39954770835726,34.88220568462069,35.265422810639485,7699800
2025-09-19,34.8247184753418,35.43786654549986,34.8247184753418,35.18877434254805,9696300
2025-09-22,35.55282974243164,35.67737584227045,34.556468252979045,34.79597801556117,17499300
2025-09-23,35.1600341796875,35.840241034146594,35.09297173795936,35.55283004750758,6867600
2025-09-24,35.342063903808594,35.533672466063,35.064231671271166,35.1983602230898,4562300
2025-09-25,34.8247184753418,35.43786654549986,34.59479114683289,35.43786654549986,8075800
2025-09-26,34.795982360839844,35.06423215894926,34.69059746740274,34.958850920141565,4491900
2025-09-29,34.9499626159668,35.52653831515694,34.62323748615239,35.52653831515694,4873200
2025-09-30,35.16136932373047,35.35356119750516,34.83464423804003,35.17097726782941,7668000
2025-10-01,34.392608642578125,34.94035315023399,34.13315013909555,34.873086538118734,11275700
2025-10-02,34.71933364868164,34.9307414293391,34.344561477862754,34.46948309096544,8501800
2025-10-03,34.97879409790039,35.69951097904596,34.77699058520536,34.78660219644378,7971200
2025-10-06,34.28689956665039,35.14214955057008,34.15236635557382,34.98839678566042,10721600
2025-10-07,34.3349494934082,34.89230560397312,34.21002421590997,34.277290827080854,5190500
2025-10-08,34.113929748535156,34.604015577060636,34.02744358282415,34.48870191136441,6387700
2025-10-09,35.74755859375,35.89169977276675,34.21963863533611,34.21963863533611,14768200
2025-10-10,35.25746536254883,36.208813173774935,35.25746536254883,35.795601905498025,10273600
2025-10-13,36.36256408691406,36.477877745302685,35.343949718175075,35.35356132806461,11420200
2025-10-14,35.87247848510742,36.61241115741247,35.85325893097863,36.20881151797335,10186200
2025-10-15,35.958961486816406,36.37217274202078,35.82442827177408,35.9205260437723,7314800
2025-10-16,36.92953109741211,37.07367593141197,35.84365003434456,36.12232809167475,10795000
2025-10-17,38.58237838745117,39.07246425222196,36.73734127108127,36.81421949773467,28853800
2025-10-20,37.996192932128906,38.630423608830746,37.996192932128906,38.52471788508787,12463500
2025-10-21,38.12111282348633,38.41901042550623,37.84243844210253,38.09228532404273,10407600
2025-10-22,38.45745086669922,39.18777564867875,37.16976997114538,37.66946741808101,16229100
2025-10-23,39.82200622558594,40.043025615217715,38.620811499920585,38.89948955605624,15783500
2025-10-24,39.754737854003906,40.15834117015008,39.39918525736113,39.831616072605165,10015800
2025-10-27,40.04302215576172,40.69647232333027,39.879661446747114,40.36013929550311,11591400
2025-10-28,40.66764450073242,41.18656145302677,40.04302183603496,40.11990005078451,9574200
2025-10-29,40.40818786621094,41.54211592516094,40.340921258116886,40.773352071403785,12072900
2025-10-30,39.83161544799805,40.43701857984625,39.6970822333107,40.28326214505481,11980500
2025-10-31,40.456233978271484,40.51389264061968,39.822003355461824,40.08146183739602,12528200
2025-11-03,41.12890625,41.22500402651664,40.34092281134024,40.73491453067012,8375200
2025-11-04,41.08085632324219,41.50367551309612,41.061636769282224,41.12890337526455,7341200
2025-11-05,41.81118392944336,41.89767009535222,40.77335360429241,41.080859157356045,6623200
2025-11-06,42.19557189941406,42.40698336282551,41.63821940372351,41.80158014126456,11139300
2025-11-07,43.24300765991211,43.35832132059376,41.99376594955457,42.185957827860776,12825500
2025-11-10,43.59856414794922,43.61778370407279,43.20457241180474,43.43520341953211,10066300
2025-11-11,44.232791900634766,44.818975493345974,43.72348652731433,43.973333408823805,10291400
2025-11-12,43.137298583984375,44.39615180638195,42.97393788288765,44.155912893648015,10226300
2025-11-13,43.07003402709961,43.36793161270877,42.68565028216876,43.05081447327756,10736800
2025-11-14,42.704872131347656,43.20456956031413,42.483852749147054,42.89706401414326,6639800
2025-11-17,42.25322341918945,42.77213671265429,41.974545385635594,42.570336894876014,9531800
2025-11-18,41.74391555786133,42.21478547811385,41.74391555786133,42.11869137149343,7190100
2025-11-19,41.945716857910156,42.17634416806527,41.513286069175564,41.7054779381415,7656600
2025-11-21,41.532508850097656,42.147519945976526,41.023199807896795,41.76313617817459,9992100
2025-11-24,41.50367736816406,41.71508880541792,41.330705040548224,41.71508880541792,12391300
2025-11-25,41.28266143798828,41.79197051888684,41.10008115057518,41.734311849609014,4409100
2025-11-26,42.666439056396484,42.90667800679116,41.43641313766203,41.43641313766203,8639200
2025-11-27,42.33009719848633,42.887453255446005,42.291658091298416,42.83940620433863,3006400
2025-11-28,42.52229309082031,42.656826312948375,41.772748758532316,42.33010120245649,7531800
2025-12-01,43.41598129272461,43.656220231411325,42.28205320886286,42.935503415351164,17188500
2025-12-02,43.829193115234375,44.14630661212153,43.127695845281536,43.435201397431946,5818500
2025-12-03,43.29105758666992,44.02138603956097,43.29105758666992,44.0117744288423,10377300
2025-12-04,44.167606353759766,44.167606353759766,43.34249870527017,43.56576308423806,7415000
2025-12-05,45.33246994018555,45.516904777300084,44.16760917732828,44.16760917732828,15748300
2025-12-08,46.371131896972656,46.45849653809487,45.04125120699214,45.04125120699214,10859600
2025-12-09,46.26435470581055,46.40996368235047,45.439247046724574,46.10904019223001,8650500
2025-12-10,47.05063247680664,47.147702650844586,46.109036236081515,46.30318028714718,4290600
2025-12-11,47.128292083740234,47.35155646635563,46.70117809564863,47.16712163801859,5154200
2025-12-12,48.069889068603516,48.069889068603516,46.574984535270836,47.27390170991784,9931700
2025-12-15,48.22520065307617,48.53582966670388,47.623357402046224,48.118421235331034,12049800
2025-12-16,48.47759246826172,48.63290699791971,47.613655165602204,47.84662881158444,10274800
2025-12-17,48.34169006347656,48.73968375531018,47.866040962572875,48.53583414063717,10202400
2025-12-18,48.535831451416016,49.176504278455106,48.118423004694634,48.18637287248741,5144100
2025-12-19,48.264034271240234,49.234750946346495,47.85633134214068,48.53583375531311,12839100
2025-12-22,47.44621276855469,48.63087345294175,46.96836634634178,48.48154858214222,6391700
2025-12-23,48.06343078613281,48.06343078613281,47.50594519005993,47.595541631941046,4886100
2025-12-26,48.53132247924805,48.53132247924805,47.76477600694246,47.80459749065369,1829300
2025-12-29,48.49150085449219,48.83993313957347,48.053475927699786,48.77024744207435,3845900
2025-12-30,48.292396545410156,48.829975173524744,48.06342871438038,48.56118585946745,4334800
